,0,1,2,3,4,5,6,7,8,9,10,11,12,13,14,15,16,17,18,19,20,21,22,23,24,25,26,27,28,29,30,31,32,33,34,35,36,37,38,39,40,41,42,43,44,45,46,47,48,49,50,51,52,53,54,55,56,57,58,59,60
0,1.4819541632084914,1.665122723067849,2.0803604799235877,2.695392859897815,2.85273028819106,3.410500975469718,2.9881440939770423,3.454474117958198,3.9419010090323994,3.7565796349423866,4.703866492305957,4.345479286925346,5.141167380522384,4.640041364288879,5.382210731723507,5.658277565189608,5.308009074944123,5.726576796984401,5.639591237951283,4.9887917452275365,5.012116815263482,5.14276641585262,5.2350750207961765,4.860728374715669,4.917254433080609,4.773909896485036,4.750043660002814,4.831363948935908,4.020614007905569,3.779124887278702,3.8564936110877768,3.633106226147255,3.629633290826788,3.39607788035813,2.3063666984826035,2.5620678713292437,1.7378199715638591,1.413257307749399,1.8051128415379412,1.3727935300203702,0.24185312228890699,0.4114518939714319,-0.06793324568417625,-0.6304407959665274,-0.7014649314421536,-0.8189361718281692,-0.9883941486623681,-1.3333664786775818,-1.526828205574637,-1.4528836483698595,-2.0542426053610736,-2.5501245136317023,-2.18998950462514,-2.176369022126149,-2.6235249965998455,-2.5148596001670755,-2.255005896185913,-2.770272828468412,-2.4126984054492806,-2.835291574793489,-2.15345337963456
1,1.515608505773265,2.422045683100995,2.4658412786723805,3.218122117272231,3.3779702984770794,3.306256680911299,3.5945083014126964,4.132141409224795,4.138178442925463,4.348815594002122,4.709183241504844,4.909277468462303,5.194058844807614,5.16800071389903,5.595958013514833,5.710120640135326,6.017562171644304,5.69983810965004,6.277149536922236,6.141837644496514,5.4929573793394635,5.921044682063279,5.921088435859209,5.669707844739204,5.787931912803703,5.48554287539457,5.255391395352337,5.459331548243258,4.865488982332529,4.366257256431174,4.2173699459210585,3.718536724008467,3.9525148634881906,3.5136307388773624,3.6176971197956855,2.839503140803585,2.2593472045306355,1.9927703558991174,2.0844736864958167,1.654928189184362,1.58802413184202,1.1723703904378127,0.3104737440316203,0.23634222783460812,-0.4297012871154642,0.15192567119705291,-0.8454363397619482,-1.1802687366341464,-1.1924691981135944,-1.3344085236526881,-1.9340799429472626,-1.8409682328650514,-1.4774676935670548,-1.6031117324178923,-1.5686963983402253,-1.9872787938878802,-1.8665231870713765,-1.5959494636336933,-2.097723749870165,-1.9130524420207533,-1.8822869227743246
2,1.3555462855429108,1.0890269017149208,1.6636148811557614,1.7139297163772254,2.345051007337446,2.696869920025788,3.186001901963822,3.5643518704406327,3.432219796984654,3.6754214059198547,3.8726766896860636,4.231498551809606,4.926257430721651,4.501184416688436,4.3916746556833495,5.335289618580048,4.671690289183762,5.501828270224529,5.521443363588482,4.823822540615566,5.3468846700900485,5.3367915250794855,4.662753023355635,4.438458665538666,4.2793953916639484,4.9937511877051195,4.505487666011916,4.243213534067358,3.953928901192993,4.231640985542551,3.271196345833242,3.539223442604504,3.1763081053522106,2.5169051324836382,2.153360256636616,2.0091945455476994,1.3999953556055684,1.6309127841357676,1.0728046495920267,1.0180127628242412,0.03400931863208745,0.49216263991001863,-0.7005525166479736,-0.16856576868115514,-0.4508617673245685,-0.7672880679272951,-1.1995664847882619,-1.779336526608347,-1.5066757962346395,-1.9193129016240489,-2.355473766480891,-2.3225632713413233,-3.0712476125242905,-2.546431259871796,-2.50627491773015,-3.3077328581672765,-3.2249561468367696,-2.7297263754341077,-2.948233031625559,-3.272545969764831,-2.4232842399816596
3,1.1050871811750853,1.6223984368616993,1.3586033726507045,2.4777737587053466,2.6397813528746843,2.238129737172392,3.2183228629386456,3.6052434591447997,3.5571413573726405,3.498600438718883,3.6362772220936583,4.343226030459752,4.624202353099852,4.658131983557583,4.548773040522411,4.672249928433745,5.260048136818298,5.1227116942311675,4.769807608381942,5.212704842566988,5.231685718865609,5.473751279136053,4.871619591084839,4.391799986313838,4.4290816683033425,4.6963847763111115,4.3683732825260595,4.453467800668337,4.417823280109441,3.7570209595807817,3.2267655548587135,2.8370651813581764,3.2040138572768324,2.486278428026679,2.784988738528475,2.0988506759122685,2.0694233089389154,0.9142801511437628,1.0493744984379763,0.6408642545577641,0.21210029224197824,-0.053162360186902125,-0.6632440493888231,-0.38088595376747036,-1.2564559775937187,-0.8071255827034912,-1.7230189832849132,-1.2277727486136767,-1.6864044905347195,-2.4946505351397916,-2.457445347635239,-2.515699484298948,-2.3627981029571643,-2.788417400331133,-2.781390409377514,-3.155827549302715,-3.1989769286229164,-2.6478627023603596,-2.883690274093513,-3.063792152023667,-2.962252413682106
4,0.9474805340736985,1.264617617520692,2.0631668562332477,1.5148917821984225,1.9281548536245805,2.7927003871416423,3.087296633988391,3.069684492040466,3.909995845789907,3.8445823725567907,4.103269760072662,4.542803138751823,3.9375459030930777,4.452885256733801,4.856388191727412,4.503080619867486,4.438894409647812,4.945819770022882,5.266906688817949,5.350456276951278,5.070841961368578,4.844094078252596,4.7158604048504795,5.1987146591973685,4.310578517656826,4.254723628078117,3.9982234928464235,4.143490082119737,3.501774972010624,3.485552518202387,3.477105001239586,2.8748313671401,2.4639542959163983,2.1545726079406635,1.981350406363853,2.227644910583167,1.1133281355744584,1.0861178556639195,1.2238811224182737,0.9815580239671003,-0.16823187646595494,0.03275520398436005,-0.6682300622915684,-0.6573095243878899,-1.4388021497496195,-1.0469294929848132,-1.2547491612972117,-1.9625149891967208,-1.7149392153787295,-2.243431182912536,-2.568583376650319,-2.4027977239318634,-2.3092263625966174,-2.358551341832162,-2.7193607915963307,-3.2812420370637474,-3.335063421288031,-3.449473278238478,-2.597624602600127,-2.486978143651098,-2.5500441453091343
5,1.389830365278963,1.6176441172205982,2.267780012905535,2.7858312483639827,3.471274664179205,3.8116718505380955,3.7939301305220656,4.228684165134073,4.575087534216292,4.51928129800514,4.200476502905906,4.931247317124179,5.255983161413848,5.4224108777733475,4.9756988755363665,5.4873354053920975,5.337493841601254,5.750917820359938,6.150082546472154,5.978580163539457,5.415751252905912,5.307614868924509,5.9570192046780255,5.69119761698367,4.963882662261659,5.171017446330609,5.329386623414678,5.099035897811692,4.136341173786697,4.693471720132382,4.021595036290672,3.6616456116781304,3.071295691199868,3.22240072834572,3.178736392932132,2.7476651277076396,2.0069642393982248,1.8464444562460964,2.0957073110898374,1.6365137530941412,0.4791794423826856,0.30956650374042105,0.5855536356505789,0.4720119508732954,-0.20736053354305217,-0.7993310818348525,-0.7086654083095476,-1.0305160493598249,-1.416692303986019,-1.6455146930867703,-1.8599321794688384,-2.2259861428304797,-2.3583583598079887,-1.7627580100987428,-1.6937012570705192,-2.4918348545279647,-1.9975255368317073,-2.2326597327571553,-2.3902132925253374,-1.7646909130222135,-2.485721258963336
6,0.21071547137753385,0.4515121328764481,0.5241279188158678,1.4743123682170123,1.5521940937515237,1.8584229844405498,2.359095519287717,2.760642600280277,2.4637014715454,2.8944246749081,3.6756157615090372,3.211145434687789,3.292392475645834,4.236486309600141,4.278794268635851,4.45892963982793,4.647110200735901,3.894138128953189,4.126450652746903,4.109830324416164,4.495539904374587,4.282075318234566,3.6716469942216574,3.9729312942894563,3.713293933457651,3.440410638833446,3.3341904157256734,3.033297927548719,3.5459979386727336,2.6607951102285825,3.1535183484422022,2.1583152024374717,1.7328251497063654,1.6416401374549825,1.7348715269393062,1.4034567721884423,0.7123878997998071,0.8022823359034638,0.4187880637163869,-0.5236122621180694,0.00422199696479883,-1.119657393652271,-1.5517298087682196,-1.004708561919257,-1.6226108889997324,-1.6730071079115334,-1.889745559517949,-2.4473936114068433,-2.434740928561487,-3.00137566512082,-2.6555141972208016,-3.7134124300209126,-3.445273039641443,-3.8639330707760915,-3.9166998787458978,-3.291564006690972,-3.7530743367780817,-4.1248681415036685,-3.4819649106376476,-4.038884107711449,-4.008323569996409
7,0.7572234879303869,1.1415152940395874,1.4512389900530902,1.9539040188760082,1.9660402154373098,2.3426486024393447,3.4076172626471553,3.044004488101512,3.291747569011104,4.030657268416045,4.453064841222941,4.25136087993441,4.18877118141587,4.913197070862406,4.363636139956107,5.0954695950624505,4.613205191800747,4.620918352448985,5.031118296828486,5.220648795158807,5.4428579012913385,4.588163424241719,4.7070398580475885,5.033023999561655,4.7313833821468005,4.7799729717553205,4.28230118703557,3.9159478112045205,3.9474635379387824,3.6875692120969057,3.805208831506691,3.696359279530649,3.135539664357213,2.8100569999548126,1.91692814660993,2.4505271611865607,2.0754073037044867,0.8514518968596346,0.9433265128070336,0.24055191479930527,-0.062265817803852985,0.5002047581276049,-0.03771115091965005,-0.8945398356843479,-1.4152772698615657,-1.3188084684602077,-1.3570475510718736,-1.3335220421818992,-2.1528302488451407,-2.483716130305092,-1.981247292771298,-2.2523833847513846,-3.116030811736854,-3.1167828706330027,-2.8955056992051285,-3.2729482689217093,-2.7818548837898933,-3.2882498261117608,-2.475080649296501,-2.8331673744372226,-2.5213370276577014
8,1.684204171801221,1.8063155527599135,2.5437296802021305,2.811016489516535,3.3922154102538866,3.7379761097771036,4.020577830682466,4.226038354060315,3.6112301356607803,4.305164062127263,4.6633834788083774,4.674294284727294,4.5720946079993166,4.730483633160592,5.5639221855204966,5.002181293893253,5.8590550642435755,6.043045441722503,5.525422086172306,5.735424296648299,5.522936012968032,5.149347767311518,5.553639315448017,5.611657561554992,5.348023204574341,4.793339330604033,4.725416137665972,4.863168827607293,5.006612041454414,4.036298286336624,4.461797242047824,3.861584081675627,2.9725776745978916,2.6603516445023327,2.831024004066564,2.419717626575103,2.4637033520228564,1.9960598907755063,1.986876290401907,1.1030463764378864,1.0816195581415622,0.4114117342228849,-0.0750470507704799,-0.4841185472400049,-0.8073106989606842,-0.1814421869120606,-0.45801281664919014,-1.4453340042093665,-1.7596945065565803,-1.939204752431824,-1.600233038225909,-1.782976630890115,-2.3804710553104513,-2.015702335982908,-2.3957320062187413,-1.9702735402651297,-2.520141027175374,-2.075374121145067,-2.1515041983181504,-2.5405869534944174,-2.497136125330346
9,0.14274495775344037,0.46084323187058845,0.5891370034119539,0.8867365041910176,1.6205709284601177,1.8208848741906827,2.1246217977466095,2.694156579340872,2.7181225477947635,3.1370531755337554,3.5853577783415846,3.70121369052921,3.565618540760899,4.080189899807224,4.144661196205525,3.6319775646546986,4.135696802432128,3.8694711377495823,4.208368661816894,4.046595068198029,4.759955151949314,4.445108851647674,3.877550711249099,4.105037768448482,3.941274130799153,3.741664103452181,3.2119289321954887,2.944493682850112,2.999314385634177,3.173207744711073,2.417164825772348,2.293401699775491,1.9061842412502046,2.2457964544302804,1.7825155788768698,0.8430204957704774,0.485327758065034,0.38786856545172993,0.5054033350100995,0.031297374981892834,-0.8425240650440513,-0.394631501436935,-0.8195811361849727,-1.4010640867232345,-2.0972567342464004,-1.5509211429541823,-1.9155956645161274,-2.5538933580091974,-2.691878182475105,-2.9823305331610532,-2.7830978401868465,-2.8853772812832723,-3.746146703387692,-3.6109044895262885,-3.8987506383177832,-3.2345123354956886,-3.539445087384445,-3.4153628468741792,-4.100803115214872,-3.2321111192110994,-3.8207096669468297
0,1.1816216079243524,0.7908623482999615,-0.4384709075982067,-1.7918458325982682,-1.793709828290093,-3.316237295699671,-3.9242377326565245,-3.7452509781215957,-4.192826192564066,-4.58331791828669,-4.419903098738542,-3.279142438921143,-2.8627880687140204,-1.8184426998248244,-0.8352168194080561,0.7703584166245894,1.3676802398992312,2.5475174690421443,3.4607416159129745,3.854578796063991,3.8217241003358238,4.52154476007303,4.169034553548164,4.271860211729628,3.8023373715738824,3.436475942840576,2.50004529470041,0.9754852395779396,0.04012506137413396,-0.8191910159705197,-1.438347772906322,-1.855052405852872,-1.9219320982905577,-2.5621736801539137,-2.405268937208633,-2.443702229179172,-2.065571705254827,-0.8152397180546035,-0.21888784388892546,0.7863363691649656,1.4307458224460983,3.2944936811893424,3.5410111156040864,4.638204331888776,5.331277478985731,6.227085286858934,6.464735064200873,5.7320355426781004,5.678171654175982,5.9839665078092,5.175591452231123,4.377083283869033,2.7920395535273714,2.348494157274107,1.2477914884824295,0.8772235357161526,0.14148284547204426,-0.6716757116519083,-1.3027247346525157,-0.7520754209140963,-0.7217305007835293
1,1.2759138158407832,0.7911244604096537,0.19521725210410668,-0.8501019136452707,-1.4669378708485936,-2.131921622339521,-2.8392085978459036,-4.023302782865797,-3.5621205553418855,-4.085364340450358,-3.718398614170445,-2.7905283909918053,-2.4272526430970816,-1.6550275503488023,-0.05679118220925028,0.9000575481656357,1.8129594315495476,2.576508426950827,3.485766689708247,4.144789301450867,4.676889229401156,5.389348381572811,5.257360556042132,4.639125026186165,3.8318603398311017,3.8557132090953514,3.204481689364111,1.9005468602926674,0.6115785514215462,-0.2900520886487077,-1.1687734582364788,-1.868124658999926,-1.8769340144594029,-2.108324996043521,-2.52030454211339,-1.8000911128992616,-1.4015092111209284,-0.4191290324998871,0.3475211674245442,1.0133481978536862,2.2108593940046255,3.7261083253417446,4.110065169937756,4.87986506333566,6.285039397358262,6.130277609430087,6.833655892297204,7.00026523857982,6.30788264041263,5.8047099214503435,5.642478387104363,4.533357353663537,3.7630047080782116,2.5018572173668305,1.8051664457484968,1.0974743100656832,0.6325413056773799,-0.6445575765629368,-0.925854463952084,-0.4743227913410133,0.2633941189303435
2,2.3973384026038183,1.020283760597474,0.0571837470629758,0.04374627109917073,-1.5692432942385295,-2.0485799364359965,-2.677194721669707,-3.1850365726940266,-3.7384236060742264,-3.305714596094411,-3.0029183645396884,-2.764677306315254,-2.2533307726504965,-0.5739007951514301,0.38789523369350554,1.3440012024122672,2.608255118797513,3.424032487648998,4.063240960968997,5.049191793817589,5.66693820548119,5.76193865645667,5.322585980525248,5.436601353342962,4.3792700144839785,4.14882425337846,2.8023405785154045,2.5156250005797887,1.3865574135066738,0.9422538340553426,-0.37246436320905074,-0.7140755301463647,-1.063221115482203,-2.1212959594616905,-1.5898787018552538,-1.5852391694213452,-1.1471970694595177,-0.5274804308994309,1.0927906963371858,1.8887382466384601,2.730833889462767,3.6260561763108505,4.570942748406284,5.505305642384002,6.095491378404247,7.299048800557833,6.81082026876602,7.480565279375537,6.97325462062314,6.92086179086123,5.91270297191741,4.613815836931342,4.443641871818467,2.7976202489902677,1.7400570020985706,1.3390591391579056,0.9669381243763027,-0.19429915833957456,-0.4726349111869842,0.20284242601799563,0.3242168842298495
3,2.206690392719093,1.404247234903841,0.24917962492105428,-0.9602030833269106,-1.2393929861793356,-2.223396806341853,-3.1573283564058663,-3.5669954114816247,-3.5390918058495426,-3.209081964895103,-3.402773056445803,-2.9905022358646116,-1.7092045361662551,-1.3238318734188907,0.37595369194597494,1.4384253016302275,2.513878541202752,2.850489409166669,3.805624371640457,4.764197033355911,5.534016082030074,5.4666590345773605,4.832875795634181,5.379493840123395,4.704712806259481,3.9872755733630703,2.9740986941507632,1.944679533115333,1.383796996633003,0.2664697070206332,-0.6394703918246203,-1.1189425764566274,-1.8012664726404073,-2.3064573229755028,-2.1354323617372106,-1.5259269109649574,-0.6036326530228164,-0.6919541189202615,0.14233754053307146,1.5074124872264996,2.571710019510546,3.4255615336037115,4.903073211973564,5.287860178132549,6.360709241062647,6.601968840430573,7.293645517244841,6.576807307750187,7.008300198015258,6.352421951075387,5.70988406268411,4.814579305912811,3.6201885006682533,2.982766707021987,2.405348061267039,1.0281193831352868,0.18655276176481428,-0.41601107862485653,-0.3994718860404297,-0.15956502393395822,0.49694389499875635
4,2.950584497207028,2.0562043689362186,0.577990998713037,0.27988625904802855,-1.0834702109159735,-1.2889378204526316,-2.0450894825690784,-2.7490473860780607,-2.849374093080155,-2.4827175554851912,-2.372916300835391,-1.8071051218617364,-1.3521659268433035,0.10216857449322894,0.3871570720410731,2.2963441687587833,3.1005630121461034,3.9110607303348597,4.915580935698893,5.636905610185498,6.058667341499663,6.260185171865318,5.756409763632217,5.873989635073229,5.592761102935645,4.901387773650369,3.4076031768305426,2.684932599125673,2.2812395323240073,1.119646522060048,0.0671152466100248,-0.19750688939724145,-1.3010424534586975,-0.9195950953106715,-0.723131039262802,-0.7727008594699177,-0.5881848057617464,-0.022894891797965528,1.216606037700944,2.4938804771906145,3.1109145335599893,3.8971421681642764,5.2459107965985075,6.0273787048500544,6.916668866258363,7.932305774893645,7.972300006921785,7.8265634695486845,7.170364471821324,6.665805878448252,6.646935956394523,5.797499612183206,4.336559117686119,3.562317473980873,2.9352505527900794,2.1601522668686073,1.8275469115027374,0.9904581833195893,0.8700108881784077,0.6481950291604652,0.5640184993166243
5,1.144639062615083,1.2792451220353955,0.14882851346663584,-1.499039722510147,-2.180320046453445,-2.6460571365612866,-3.837056978278181,-3.5099306929991148,-4.25078181155499,-3.9329927438802605,-3.414889904800934,-3.544749455113309,-2.836950793469849,-1.8716221825643462,-0.3736779537219377,1.0002208044322405,1.1858061635238015,2.301596643725295,3.6537401481416203,4.421398601018705,4.140801205850991,4.78253326433043,4.602275103958863,4.54824401517639,4.545150004299964,3.362581654662749,2.9072382144283933,1.697070645479044,1.1168214634477795,-0.3750635021343872,-0.8017949469058255,-1.6636655257769766,-2.5166253672289294,-1.9851526094864376,-2.3958579096787496,-1.7719046145443684,-1.6001879558753078,-1.2321160276994707,0.14966172602219996,1.171944491752249,2.1933699590657514,3.666173188523254,3.8736804259671653,4.892259005900293,5.480682590736276,6.309740022976838,6.550491218080753,6.65891219649304,6.3437118574429405,5.59364688396634,5.305871942793024,4.437448178914323,3.732586393320599,2.6637283374026253,1.722130075283332,1.0369820408138768,0.43554976526561284,0.05473905568625881,-0.3425789642649333,-0.6789725387053908,-0.27085751860349916
6,2.7850753682561122,1.5476091344278102,0.6712054536150996,0.03180586557338158,-0.5890467899410334,-1.2583599081819186,-2.072707478762961,-2.5331899288842954,-2.8228749286469528,-3.1700917984862342,-2.443720601490046,-1.4804073248700194,-1.2271408700684905,-0.024578562968735868,0.7629410884450989,1.4251776721424334,2.827977739070714,4.285410455230138,4.330088462200257,5.60340874673263,5.474569522514995,5.705000564592729,5.720969499573922,5.840409150600294,5.004644220911597,4.220363176184282,4.097816292756109,2.7928567525186123,2.2321455310155836,1.4196773584129043,0.6055009111724126,-0.5116666111119946,-0.5025103178250202,-1.241232174954709,-1.500495411216106,-0.4645612315037634,-0.8255731173729657,0.09244767367207771,0.9717065232269441,2.183706215670705,3.658951413710458,4.65449526403634,4.959004525689881,5.907730943290263,7.432965180323098,7.204077158599992,8.009662053348144,7.879773877965297,7.7570672356057235,7.154271280801592,6.102897526533124,5.7091694957975605,4.254894731658444,3.8066490068766377,2.436847103844222,1.9885178562878547,1.3229032736856858,1.2790695083999997,1.0250163856957597,0.25315095788395525,1.068298916021797
7,1.1047276350379853,0.6661274880729928,-0.21122021923123913,-0.9042573132886736,-1.9749503802544575,-2.653281381671515,-3.7748289276882336,-4.21063782318385,-4.119236071423959,-4.359103300298864,-3.8855509652347657,-3.1397332436928695,-2.852033778032037,-1.9345911492979322,-0.21636190956528456,0.19339696578994703,1.6002986075233552,2.8022758833097066,3.8698871534120225,4.4769170782402785,4.218617779634551,4.502097538897415,4.303712176409924,4.436649023394173,3.980263042717238,3.7740684818528503,2.6061952129608588,1.425934627862956,1.0902115790672946,-0.05907381065267758,-0.886337900937945,-1.6368734177808466,-2.412939127042212,-2.675838235728047,-2.267421701914802,-2.4120556291459403,-1.5052831636884774,-0.46536062033919345,-0.061142445783749055,0.5130716064767071,2.3362363028276736,3.515302828004599,4.383817514200361,5.036531187770789,5.461917820388432,6.5760573866998335,6.259168177789203,6.117720376502701,6.203097208504612,5.925088451545912,5.499521626639735,3.8068159847220637,3.6152012277624777,2.704694659616442,1.4007544924498587,0.6006824031283449,-0.2967172058295313,-0.7623081505864354,-1.0585918430413868,-0.9290465595768421,-0.7274323887242045
8,2.0886628664739786,1.1139662860310695,0.4572546640313116,-0.19306005185301417,-0.8414762699446798,-2.0540790168496486,-3.005030921449694,-3.1220697086249394,-3.574003809130788,-2.7573225447164553,-2.5640870527961677,-2.1791067233286685,-1.5092886653302582,-0.3029548985676099,0.6431670860485807,1.4369917657064604,2.516054601636105,3.551994399660726,4.124505874864938,4.517286095959296,5.445968451156424,5.431960199167491,5.241042678165246,5.79972985350088,5.146570558016075,3.6863943590888253,3.2180587782385417,2.888135146425096,1.5191463693472642,0.47659167226526916,0.014065843473456685,-1.2044227726352457,-1.7263120531579759,-1.077381773046837,-1.5639368622481888,-1.217626669841724,-0.6685590672171318,0.09465181979070719,0.830599395154417,2.226259624781746,2.999948317584154,3.6081869844009313,4.921298172165843,5.449840368102692,6.843700536226638,7.388531019378585,7.618013354387133,7.0361069374244245,7.027772370627068,6.751990108923775,5.809136634957386,4.776092099148451,3.9297251573561045,2.8971666198069834,2.445055616568852,1.2597670782181833,0.7802351266104859,0.39169101064225825,0.6286808740273957,0.4505387568741627,0.2106506983974306
9,4.18214011885762,3.4133394863418838,2.2232202353121346,1.7488231612938328,0.12106788743917574,-0.201543920996466,-1.1681469613171374,-1.0433658326684372,-1.6611628140874328,-1.619764606542965,-0.8817877847977511,-0.5434863390091065,0.09463636366235817,1.1094614134641092,2.312743344971267,2.7125140605252245,4.202077995510995,5.574944155631577,5.9616216692283714,6.128968513755618,6.918142435068654,7.794362539512519,7.385870108963971,7.14167494604562,6.226696987673329,6.309265659372096,4.889487690103908,3.847775488486607,3.56464280886716,2.235043720911449,1.4205077366988244,0.9376604411795684,0.22147697696194446,0.6519794475511882,0.6707487136489518,0.5516219574868886,0.47975129772918634,1.495193322724711,2.6850664651680116,3.3273555353279005,4.968219109231178,5.941305741266839,6.606764154085639,7.856096173518427,8.1592870879019,9.09133437726783,8.767076971588704,8.533514448915007,8.981031983243263,7.960983777093146,7.614557245847277,6.703390460844718,6.078234539616054,5.1727816738479175,3.807871648236265,2.9492058058290587,2.437760408687849,1.9854174668592672,1.4933344450174162,2.209215730666346,1.768897109971803
0,4.3511512296215455,2.5478147888492093,1.3934456306414025,-0.6850459359345004,-2.186502130692737,-3.82310362032217,-3.528281173689095,-2.3148581745622727,-0.47682776714472797,0.49476933105987264,2.797106926277615,3.2707139758096226,4.025290299537771,3.1636627700930102,1.4539334994407889,-0.10698156133965706,-2.2798920725634204,-3.9356309895131805,-4.303618614525722,-4.155507682258682,-2.5959926295828613,-0.9666736953309218,1.078680567549888,2.010047919927035,2.6074664951869924,2.390889210699603,1.9395795742174968,0.009445464917507002,-2.577291478752488,-4.566962387169868,-5.309980872638472,-4.82294283153325,-4.6794536380355165,-2.743295987209487,-1.4509982703020659,0.3459066023454298,2.4410049717053415,1.8968500855903356,1.7180247523481387,-0.35121812426549703,-2.3137594679374898,-3.8699630866000163,-5.877256238269889,-6.361659507822513,-6.2188598834442415,-4.331955588265434,-3.0808892752731527,-1.4634226743299839,0.08476673909924151,1.6502393449389627,0.9884343872225846,0.3119187266324691,-1.6583326796388176,-3.9436068460687794,-6.022500746512795,-6.768222480792417,-6.502840861642957,-6.514104394694225,-4.957122798612996,-3.021822500514517,-0.7303972653075248
1,2.3262277512261518,0.9206387866232364,-0.5694590743055514,-2.9164154104205364,-4.459145020668311,-5.082779092829703,-5.723189611462201,-4.100536097004494,-2.6098980962301335,-0.6064173451440096,1.0600127467573952,2.124906229383013,1.9197614161203884,1.1735920085897507,0.07058164701863379,-2.3320092971044035,-4.091680095633453,-6.220557531441649,-6.8229561633629165,-6.380452919735024,-4.253094107591625,-3.2579666304808055,-0.8871535944328677,0.3820027265288781,1.2549115264464075,1.322463214932229,-0.6254538395227007,-2.120228542252137,-4.213709514916642,-6.367487863354459,-7.180730176676755,-6.648423946614803,-5.9972245821696495,-4.287405299937056,-2.9777487488753307,-1.2194244692956122,0.19049109856216062,0.22113587917007016,-0.5890527441184921,-1.841625971188678,-3.7757784962048957,-6.0205447770219385,-7.722137256230445,-8.058888607972785,-8.078522594065669,-6.052374692927147,-4.814019296480672,-3.1096224133194497,-1.1513178555980281,-0.48527549115992796,-0.3335280108784684,-1.9300327631071923,-3.69567282323131,-6.015402460400239,-7.509536871407887,-8.406589881271323,-8.338495392793893,-7.868216330874846,-6.571133497945518,-4.616392491701952,-2.922504179559618
2,2.9837087577511237,1.8118810293175898,-0.323800215729654,-2.22089377774303,-3.528152169930991,-4.90522963119142,-4.583091889005869,-3.664954893374083,-2.330604831168935,-0.5023132116676772,1.1781267841438794,2.303254847251651,2.6046969467508467,2.169587861094023,0.28165479406547866,-1.920731611705442,-3.5458057619058874,-5.405763470920144,-5.278653011837633,-4.872233280756856,-4.319266943439009,-2.2846259944832132,-0.1707768745608922,1.2696885739495651,1.5914809707075315,1.696417369321452,0.08044552172463038,-1.3972403837316643,-3.5228203807454204,-4.898585626651442,-6.261848683267889,-6.287224348461919,-5.665037550539383,-3.826865667645528,-2.5094943002152093,0.020371921135021398,0.6065272034265575,0.7694442746272246,0.3464887867994003,-0.6693279188395481,-3.2649199485419613,-5.38579009328754,-6.121032964411359,-7.712733948270296,-6.868964521476906,-6.147928890579099,-4.298452275848159,-1.937609181219638,-0.19539790381695055,0.18335570323980888,-0.421433588075543,-1.3370948356090138,-2.52256408471574,-5.322206228933221,-6.822256144152758,-7.952151868765611,-8.42896949626276,-7.042647148253441,-6.1728730777202685,-4.380589454901526,-2.655135663297123
3,3.486885013872653,2.245404853186801,0.5353295005835668,-1.3480550741077262,-3.4623939744922922,-4.175698892863116,-4.221083042704942,-3.4959979393160703,-1.914123774391668,0.24488837427970644,1.6785872284221623,2.8976614122978357,3.4478364570428823,2.394968440795258,0.9412857364187197,-0.6680660972458027,-3.3998154065671913,-4.777222314413677,-4.954255033265545,-4.784240870229686,-3.666012205396041,-1.5256366622408635,0.703492401759938,2.1531270145709827,2.8922714743424685,2.2221356192803703,1.3183202628402269,-0.4759543211857634,-2.9356463596453466,-4.220565237432039,-5.983667478248686,-5.510606696509339,-5.1407367258870025,-3.7179321794266618,-1.653703250973924,0.6156829820729042,1.0195001981689522,1.4550091784281272,0.709290461358433,-0.4548876678914905,-2.9195417589562034,-4.623652294641424,-6.190729123842881,-6.82664255738219,-6.629510036517623,-5.19147447269872,-3.502306341583136,-1.3406433099302189,0.11574744985086349,0.5943589922267918,0.3110115969372881,-0.7601295449789652,-2.680350884125349,-4.481118407231446,-6.257030854623011,-7.478019646946495,-7.24785205730154,-7.110902739951993,-5.454589766640349,-3.1388982455607257,-1.7908444348048005
4,3.3070434719346746,1.767668326853655,0.15155838162273283,-1.7524199977052755,-4.134569741332656,-5.109148397140798,-4.565559350962672,-3.2219512994644317,-1.733514611081285,0.2301450311324824,1.7712230591473366,2.487042225435352,2.764269081264514,1.6548012649799146,0.6016407583366827,-1.9398393360678112,-3.299527833109714,-4.691076614066152,-5.964929178819597,-4.7910185725878796,-4.112729797414517,-2.3705174277441365,-0.2681757902466154,0.9083948100700334,1.5163424911578047,1.7047704832491404,0.9648553137931275,-1.3955451734718838,-3.815267455841533,-5.368477158272361,-6.277944661377559,-5.911717023247146,-5.175688762350503,-4.237006894525086,-1.882991392218766,-0.576199873002733,0.8697803512518771,0.6563942393390454,0.39001658120565064,-1.0834147601397142,-3.281186361555788,-5.393461020065028,-6.460839430293488,-7.482911528944228,-7.101007795687177,-5.25819438717471,-3.9328194610011504,-1.7047112665688406,-0.23961477488401284,0.7411014576738983,-0.2324085155516108,-1.3080775613499873,-3.0921308822313485,-5.167808849025735,-6.280428245375797,-7.851056803221317,-7.593087179493329,-7.1587602122170395,-6.050236605783781,-3.732215516256999,-2.567978045543816
5,5.198941459161274,3.9766498040446625,2.405368523494159,0.409231916940771,-1.2739256354684998,-2.5473541700263707,-1.869314022159482,-0.882364690755411,0.7873227752113128,2.723596356297648,3.727614727301408,4.836867650274507,5.54760298300395,4.425340766631567,2.571447886243829,0.32451645591690514,-1.1035330020070342,-2.436037330267355,-2.8668975522395113,-2.783516097540493,-1.950101236949545,0.06905163694753358,2.3929541690380995,3.948678628485115,4.420824599027769,4.5321167571631555,2.566650484315016,1.3468326394154204,-0.6430142757681474,-2.4452935699641247,-3.380524062227939,-4.344237471050466,-2.769884323840952,-1.2824397232522604,-0.10717136096836288,2.3298965734292816,3.517721169504192,3.758669180490821,2.750372871576161,1.4792388112049544,-0.8315687194645842,-2.9343431452688065,-3.6784644592414977,-4.4032593404551115,-4.842027878194154,-3.562852078415997,-1.5553242957673201,0.4262410333960349,1.4607640485701374,2.3496293986318495,2.387060468222962,1.8075640425658097,-0.04636322726585407,-1.9459862865983966,-4.496860268771961,-5.009430715821068,-5.621587797124578,-4.888184496245895,-3.878487063237896,-1.6141191740802756,0.5737658575535897
6,2.337242398766003,1.619571162461798,-0.5445670545005157,-2.1805361152589455,-4.1156164824015535,-5.433630998736613,-5.051283974270207,-4.000112788001179,-2.5226906236466986,-0.45217345953995736,0.7386356879545628,1.5778324040041103,1.8070695360489653,1.6263113704537548,0.11179504257993211,-2.278306958973889,-4.0173294767265055,-5.253303255058223,-6.292973195952937,-5.837050070682,-4.897418293981818,-3.1360553694215483,-0.5019118172737407,0.9235407639577156,1.5426317074112614,1.0602450301757746,-0.23901377784288913,-2.3064734945341194,-4.314761093088807,-5.9987680487819315,-6.627799622458589,-7.139762238230913,-5.866354829077452,-4.778702316626429,-3.1223647435980766,-0.541366048705943,0.29927210576773455,0.6205378054219663,-0.10966829180314597,-2.092791207819244,-3.4058051336834954,-5.2515010981781,-7.202738076531776,-7.417636564028002,-7.856086271858771,-6.301680379781825,-4.193857490896973,-2.204064579054895,-0.905492373647295,-0.6854870250970343,-0.728514406795472,-1.7269540417686309,-3.1602525036510247,-5.773364490991167,-7.426892000110197,-8.581736411769965,-9.04703265144108,-8.182615425256113,-6.391761434593393,-4.800527985601629,-2.4551294759907822
7,4.9752449165450585,3.280698099770808,1.1129794370710975,-0.7149041878028388,-2.1246341331232035,-3.3161766016230367,-2.6979716450094764,-2.075420129740414,-0.9107861653512332,1.0029165491184624,2.769076567984914,3.913815025170021,4.325706152198505,3.0453671757430563,1.8875333948587425,-0.024639735219632475,-2.563590384918292,-3.724691908576682,-3.9203533844107725,-3.962255826395856,-2.8218897951974133,-0.6763010836503183,0.7999336476089505,2.9767723919295896,3.1431752797520858,3.479763383008291,2.1361948011678225,-0.18452537282559,-1.557932466987641,-4.158104545092433,-4.699184898127195,-4.4957871765797535,-3.6078881033316423,-2.4698230900274205,-1.0264812229954072,1.1782290623984575,2.687942195644319,2.9289174224934373,1.5199650166289909,0.4904677871454449,-1.4901388650781588,-3.705866153558231,-4.895053038447951,-5.728541240805393,-5.696784189019317,-4.623501775799896,-2.229199659388819,-0.6267545550950189,1.0170635095746965,2.1814414839437433,1.237410785428355,0.6391697357394032,-1.20549803146432,-3.6818452903615273,-5.609057438381464,-6.596909614256884,-6.784415247367489,-5.7397497312512655,-3.955837719324704,-2.939009856418562,-0.5211483727562305
8,2.7405256032779954,0.643229551969583,-1.178398478839157,-2.8380457284049925,-4.256233047765704,-5.117216132386566,-5.18067496972602,-4.277203190112928,-3.101831389232138,-0.8955055987933708,0.19883442534115203,1.3044698823050533,1.9594553875724865,1.0059243974459469,-0.8399930358266591,-2.9658237584450164,-4.066174058354939,-5.769363129322109,-6.952867495119105,-5.749015331914541,-4.9745069304731,-2.473691551125993,-1.5413874039128315,0.2811253917395209,0.7672075064511954,0.462816190418456,-0.003773588752275403,-2.602040838492836,-4.393702924142785,-6.563861237108073,-7.585170862754106,-7.216179195169106,-6.131551854260554,-4.845269032524301,-2.744168921711338,-0.8536276716723846,0.15758849987700452,0.6929031550714131,-0.42063160050901893,-1.8000371820279477,-3.9487967335603633,-6.353546880387936,-7.279777038605892,-8.042440284665567,-7.94817138294772,-6.264147782028263,-5.204548878142753,-3.0760298612415813,-1.7869033208447986,-0.408348578980108,-1.19615200687575,-1.929858390279748,-4.061320643099329,-5.508573546500312,-7.362881664112034,-8.3521419112397,-8.755389575904722,-8.210577024479848,-6.32476190669075,-4.4978676262143935,-2.8877581248684603
9,4.689177059796144,3.1927706973373944,1.4554884099975107,-0.6645376438893587,-2.5708202369589808,-3.2790106697457246,-3.5329733367685283,-2.8393735310190182,-0.29821082796995185,1.4574868622207016,2.634756429436612,3.8437379000336644,3.6740327146621565,3.1111444144177587,1.8133823385486803,-0.4033974180093823,-2.6524069800671284,-3.291870056465145,-4.785729420237983,-3.838638841275243,-2.90409665428557,-0.9536334880496546,0.7876039034894189,2.820352129210221,3.441925018113098,2.888543502153911,1.6505006899813048,0.0761452447599687,-2.4650622689334325,-4.188376513417417,-5.269544190850789,-5.1092934289397824,-4.274463662165238,-2.7012149265045338,-1.2422728061557664,0.7726671189646055,2.4426403692171275,2.2185464320208146,1.283974253998126,-0.14587806117286511,-2.0470735318452964,-4.017944730513207,-5.252387976979568,-6.2449186985988225,-5.726772439029183,-4.375901995121349,-3.002344893992847,-0.6444749616639078,0.9659786051243573,1.3088619743968788,1.3036825131713539,0.24408221708465944,-1.8732801220590225,-3.161501520881892,-5.4322348986640865,-6.295136920225983,-7.137984908135511,-6.223050067138573,-4.52064176921432,-2.789904664997147,-1.0815419012957064
0,-4.505169164475746,-3.3711623566011024,-0.9077558149670863,3.0036764398192135,4.633003898044358,4.2045649134932725,2.6616014485346966,0.37006154384869727,-1.429139633748297,-1.8298370979624488,0.2231213024389498,4.188152137753966,6.7411419798344845,7.220287911059254,6.341295207694708,3.5063782712366707,0.6580308356223755,0.33240671127369115,2.2306457647635627,4.565980552387253,8.019243912275092,9.677526201057628,8.988128913815629,6.715780259402851,4.472069683556296,2.314890590212318,3.377829547043834,5.663110232138227,8.638904253480618,10.743491780257717,11.609063603530123,9.570858796072484,7.417840377208604,5.108374281923835,4.5442963025993155,6.803520424191028,9.582100099649658,13.127929254940888,13.95979970003156,12.64384576539553,10.692322149954174,8.108196160818009,6.99341213474999,8.177855063745975,10.511583322254799,14.216048821973168,16.1877054330809,15.693398355708608,13.154283394475447,10.99550387828727,9.17630436112851,10.128336047739127,11.81112845715359,15.154083960567146,17.56738214430194,18.07910034849184,16.55688404537285,13.945933618815884,12.479257943609387,11.68007077276987,12.79620510111019
1,-2.848006198240218,-1.780283627907316,1.2594952021976433,4.463980129681764,5.85460202027516,6.103383172556982,4.220089454013598,1.8452550848355924,-0.5616130804020552,-0.3080620198426324,2.3813903936240575,4.618462091689106,7.614848986494319,8.498916172779237,7.258421497096067,4.978143237241568,2.0412487993135393,1.402568176352624,3.5095187938856327,5.694402420548473,9.247658515550139,11.147010243800553,10.533766073591995,8.156474193357653,5.644887831662808,3.9293040288188887,4.2720951864684436,6.8673655658401005,9.819529938953751,12.652185130404506,12.471768855300601,11.004684660963665,8.02001730825894,6.0836268242729075,6.0746949490205,7.890542141230875,11.691545579806881,14.161005979618302,15.420973647806967,13.773732113728553,11.693400484566862,9.268094669739853,8.283303925820634,9.069171879692007,12.47105244194281,15.873052102906836,17.12656430174134,16.70474106835551,14.531263848996803,12.607374490240598,11.064689030384493,11.169439834417503,13.085541842336841,16.72667727870421,19.162585615992906,19.57954880139134,17.800224995078384,16.028037596130044,13.248983034174511,13.245146438899067,14.296361771486284
2,-3.7873967968107456,-2.8476407371288297,-0.6735616265715816,2.801026192630868,4.596282716995446,5.151072380605034,2.5396965601693275,0.08203340991730157,-1.2305550387582442,-1.6296306291162896,0.14281718580452774,3.8863284354418637,6.19389720183643,6.902228504652517,5.83441819168843,3.657205179069069,1.5005034684020337,0.21033964746921496,1.7409180133447921,4.440391655635551,8.062213494536662,9.390680876674402,8.900262828606833,6.831468001633503,4.107079142241974,2.9701520753391835,3.07160896740453,5.88055886279944,8.567086400271537,11.16925055728079,11.388733690631023,9.87891056076855,7.002442035113564,5.355693657095766,4.686066355701456,6.571131739733034,10.068001977061973,13.332766319884971,14.329091775834423,12.954878541253494,10.032390379359025,7.747810187812128,6.815401689565727,8.06122395639338,11.288372756040832,14.422994637646712,16.22717481751015,15.97361422755067,13.712752212896124,11.528630941749022,9.895815471415972,9.997462736854022,12.266379057055358,14.970007808402098,17.61636868185918,18.40751058926946,16.532767570112284,14.317003180424722,12.184683354332154,11.526011807745759,13.10308663986676
3,-2.797566081569329,-2.0862005931767253,0.8973657467670292,3.567740898166031,6.370083363977906,5.6904692000152775,4.249603565497717,1.4312185124788632,-0.5242699345592119,-0.7551839275702241,1.6179018039213695,5.2133372668413855,7.47423877224737,8.58445556924969,7.033003005321747,4.4947182114377275,1.7993163814196917,1.5107492651568595,2.7609837783397833,6.235002468558709,8.859031354908305,10.902080870077892,9.559894847824705,8.236935077086576,5.461987019692743,4.282545025107599,4.546701775765346,6.9517305544272325,10.25563829743172,12.50287267430366,13.175907741393122,10.885631252804425,8.523908277556734,6.63343396848216,6.479109368317951,8.514703693586496,11.21242267549251,13.776324341841661,14.684354492225097,13.709501370148729,11.152557698278772,8.794525420935107,8.074602183648212,9.026071175365765,12.196342177589102,15.520665365722058,17.559125249639145,16.959577661368243,15.024380917308713,11.800920823374891,10.325226981991941,10.878058412063366,12.940944457011879,16.80819966405476,18.67862266026137,19.42292333817026,17.81509464959888,15.352453289067602,13.045079847793351,13.131873294710038,14.802277282792607
4,-4.420712752334335,-3.6321595886039537,-1.2380137677460719,2.1151034414742087,4.025125690339799,4.638938233179825,2.077777898271843,-0.4198867731784297,-2.3443555438314094,-2.4590963311290452,0.5393358319977806,3.165231514137469,5.704920162252534,6.981223314034142,5.967810101740987,2.731240985526033,0.4424616572264186,-0.46998605062753496,1.2518113938606745,3.8849374760907125,7.5264173636622855,8.647489792843313,8.702382799006678,6.481817999710199,3.713243184833252,2.4157410607468988,3.221793197110892,4.859424502039269,8.574372027194894,10.696029862500188,10.73647394915249,9.867946745540689,6.703050783660171,5.000390539491374,4.689277253708134,6.436990660663214,9.795760963875463,12.550049973732001,13.384729936864856,12.29122332267168,9.517912597610259,7.943830167283854,6.170280697989543,8.007668297916844,10.505295929361193,13.435282270436737,15.430186924273562,15.184477815406607,13.18181607370091,10.352638166421807,8.589657126558874,9.604181058758229,11.887890332936156,14.413048291915024,17.089071574472715,17.396501335494793,16.014643405366073,13.358930301082465,11.96630268720781,11.513614593451713,12.915688126493427
5,-4.0328966995293545,-3.244145783323,-0.19435888809163893,2.3552099440234926,4.30029775382215,4.772681437049933,2.85202198727042,0.34836103800397633,-1.9179065225942273,-1.4642379750118226,0.5365989033512745,3.455606577263535,6.358953576028123,7.299081807025974,5.948426536618935,3.0271669328621056,1.1554922033947066,0.40754543443634683,2.0516277948031894,5.063598838870254,7.773329148075716,9.557514787358075,8.779485130745531,6.519522369859284,3.804794102979325,3.085286459651626,3.6472458087922215,5.6263769287064465,9.077313372291961,11.669001143092602,12.028240147027828,9.395662223426116,7.03412099780022,4.993391655993711,4.621237925136412,7.194536646598007,10.274354158751866,13.329905443715994,14.086107948438082,13.154756852035437,10.557558471493731,7.728723836433492,6.800494171231805,8.517817626869695,10.918884175363067,13.756012338842893,15.854017113351869,16.249898098272986,14.123245040048248,11.040968629298854,9.629529278927219,9.339756643297097,12.58189566218688,14.951868326718486,17.525873369304634,18.18285567667191,16.843941402793504,14.085725706779607,12.539089910943881,11.262202547506542,13.017323818525695
6,-4.364169419572692,-3.922607872018393,-0.7112318340374351,2.1172182320151274,3.8157891301199944,3.804331117264973,1.7412412354815425,-0.46102070378642046,-2.806868296705142,-1.7785446345213618,0.27369402113765884,3.1833693156972087,5.595415076573406,6.637813205939598,5.024142973827332,2.843883919589757,0.8372413721441896,0.15085245678555137,1.3445604469735233,4.380910127654906,6.641941810274912,9.043631112125555,7.820863925220617,5.585017360625755,3.2215734542529226,2.1626767686348884,2.347909723142295,5.234420692539307,8.697272209702147,10.626131407964861,11.282042158546991,8.965344067320556,6.6821921895186565,4.620798919371259,4.260115632509832,6.474440139791014,9.164511277653025,12.260274491184592,12.985041764210258,11.809061567755494,9.83092077571248,7.389342811422963,6.729583478837342,7.497426137873522,10.823554325122185,13.184179045789524,14.870771881928354,15.331843430839571,12.535287806461634,10.701852872011054,9.097717637556425,9.311823839392913,11.711071788971793,14.463253565344722,17.06973681064347,17.557278403543123,15.896548860279735,13.891013363201214,10.88916585226589,10.924065205186388,12.58043144088617
7,-3.661732493405138,-2.693132911417164,0.2936149666816813,2.7527299671302248,4.804527657647555,4.82615521383984,3.399805457582628,0.2774459854262271,-1.2972110298472428,-1.400591625073956,1.320066193196273,4.293635455820018,6.591413143741671,7.318965154165741,6.0931812290561265,3.6437224028474815,1.660555612709096,0.4500785437030985,2.1455589631560508,4.901014857211292,8.217289887073655,9.417552970882864,9.162478243926001,6.4577875274715915,3.928438033425691,3.140373725966501,3.8813778641235923,6.540629185051551,9.171367505705994,11.210994495494829,11.384845336005817,10.21772006074629,7.338469093151395,5.728179177115772,5.342349018139623,7.4212379924637455,10.027511123596375,13.074933741523573,14.62000739057066,13.591622313767825,10.920100826848419,7.943262291531828,7.015654019136534,8.494901332642781,11.097607663618634,14.676708194945848,15.902755646464655,15.997164877627615,13.927504426735519,11.1687873559283,9.934060557709408,9.998643778612017,11.989454758181278,15.294070630829054,18.434401279092782,18.17405643906766,16.63993540980167,14.201100039097778,11.934303637839077,11.433743109232214,13.793999915338054
8,-4.098496120359739,-3.113535279586393,-1.3273137423677182,2.640338735708836,4.443949856804595,4.47046195633544,2.0974785291068727,-0.13458319385245054,-2.231824797260009,-1.9601027390109804,-0.027320341985824115,3.796248166077447,6.1142208804086104,6.7436301840205575,5.773055514700844,3.396584458255811,0.31727478589948443,0.06469422868123109,1.7107501965045322,4.773223403511059,7.263545782107045,9.474369854621122,8.167445104583148,5.834251971947937,3.7819110509208818,2.555879181507714,2.813719754690084,5.151546495594407,9.029562971277597,11.23514696319343,11.16776174888429,9.676819218201688,6.622996009162928,4.292408872973676,4.610052673684432,6.669073731470961,9.994170420745258,11.974296449436265,13.72767306174843,12.32746819158458,9.931792419625856,7.6421541845472785,6.994248921772982,8.050290333402733,10.273814397218505,13.731317851002327,15.586989003395628,15.31752319673055,13.04537160524618,10.303207616706297,8.5206040008686,9.5546591045976,11.255522528212861,14.872369092920433,17.51442427163949,17.891923075517404,16.5763642330908,13.58767872987681,12.12001903064319,10.862251526335816,13.240601481408941
9,-4.911217580948343,-3.9718045718661004,-1.136168390708769,1.9206665325254364,3.6401398839333194,4.2460444317961255,2.1079088887131694,-0.7401562596485262,-2.073925760501664,-2.669774715635282,0.3867968668467574,3.264342614379188,6.033843864259435,6.654030054071429,5.005315302820616,2.5085924612255197,0.29806099486014226,-0.4406741145225922,1.2421410570238036,3.6859806946407843,6.943111431252769,8.825532120000423,8.299021547462765,6.262246940894464,3.6022057270483443,2.2502711314737813,2.3115093226668173,4.644163131984145,8.059132810976566,10.369437656544939,11.073489418398326,9.528304705079577,6.975934041671836,4.421260821489149,4.012103141756263,6.133930143044251,8.926404372787552,12.00723075103846,13.206503599119298,11.851515867427668,9.374509403672839,6.973458340888351,6.333975259290787,7.682979617709776,10.354449942436286,13.84841151970559,15.340427056217692,14.860099087493346,13.330096330412147,10.598554109260808,9.190609103691347,8.746726046053414,10.960796129982509,14.456988179742451,16.642580025960985,17.777113287182505,16.605853372373996,13.973662043446383,11.426247167188631,11.176770858617358,12.336983030980846
0,-0.8039254504489095,-2.039147695894889,0.0381982732346795,4.105881347987293,4.945268965704192,1.975144962706509,-1.7365218099628181,-4.12799148786571,-2.0311839659413717,1.231171137819007,3.5498380688720923,1.140605832404761,-2.461405358608171,-5.680743170742176,-4.540982767558831,-1.981701407984153,1.432009271761355,0.5735763070248001,-2.7496526041360276,-6.492241519981071,-7.186750053756121,-4.12694991678034,-1.138756823588803,-0.9299941164700571,-3.7080706207233467,-7.876782486528425,-8.593819167830507,-6.688150629829714,-3.09576379622761,-1.8558307484220016,-3.8938168227522905,-7.8337186875034295,-10.930727564725242,-9.189038837025619,-6.304656967099827,-4.074893882246382,-4.531077828156137,-8.27386009655522,-11.639927595813408,-11.643915824780334,-9.24702929420202,-6.0737483602391125,-6.202487700358534,-9.099970427245896,-13.435643500189515,-14.45504833580402,-11.635736448571707,-7.578192693413898,-7.420365982412612,-9.22635963709757,-13.387571958806705,-15.660799806166331,-14.375182579004665,-11.006458544183962,-8.252992179192635,-9.988203062560816,-14.126485068608464,-16.993977704940548,-16.737121700333784,-13.155888797207002,-10.381366192969402
1,-1.6529782026392903,-3.3109026672350503,-0.652930957919473,2.5516105927497312,4.416676312961097,1.5770940734012893,-2.5338767965241997,-4.529842410664516,-2.7493802131644505,0.898987224456446,2.5717845411531775,0.3926670287315248,-3.4642600728439894,-6.521012695556615,-6.081467094434932,-2.1392010666127876,0.15482572992111598,-0.5112355334599646,-3.9096268917354577,-6.837738735908295,-7.672810151701902,-4.770791853405516,-1.6294959479975843,-0.7730129288881481,-3.817069471264914,-8.095101021680899,-9.942288979201782,-7.969870397195973,-4.102863598784215,-2.59721759503519,-5.15648453289248,-9.199763574134971,-10.97504444022341,-9.87445745346703,-6.528008986014456,-4.676586639143735,-5.005642172797823,-9.571698675911849,-12.422411500777976,-12.629703239734535,-9.445336091425382,-6.079441191860958,-6.254305283664379,-9.661081100472595,-14.094907169015473,-14.574893317409314,-12.24189081280378,-9.028273424236962,-7.485360232777212,-10.077700315147617,-14.118277436032187,-16.518233786666116,-14.76922132855491,-11.196084436118257,-9.40359816018095,-10.795373905386263,-15.21567059674618,-18.380741070982474,-17.393806408327013,-13.829906366591873,-10.997214110587663
2,-2.4610137836822537,-3.38194605938009,-1.25648136686094,2.675550415603926,3.378386338748019,0.5352196186687491,-2.9408139004899363,-5.648896436710303,-3.5376631723561145,0.1466241748394251,2.213160458184042,-0.14384350271567395,-3.976837192934413,-7.307447707531279,-6.431785461723372,-3.121200068169421,-0.5183292011361011,-0.2957783173191139,-4.5097373615905045,-8.252045265748421,-8.524557152819174,-5.245404930338565,-2.1638902467286596,-2.0024781435016545,-4.378458534270429,-8.49519790327971,-10.293613651313912,-7.864418506861692,-4.332980378344655,-3.4756959714789657,-5.252528717860148,-9.07914604765837,-11.91795796665285,-10.756019002739393,-6.981166222559781,-5.256579469710082,-6.51571756138009,-10.44977532708604,-12.841203025736988,-13.600138737002537,-9.932952847563561,-6.928399392921622,-6.901459174694778,-10.031549522504132,-13.909110088775677,-14.828394385519259,-13.10017463867552,-9.719072090262834,-8.743973335801806,-11.244599000977406,-15.388846098706132,-16.918247249076106,-15.585828490646241,-11.585755929568629,-10.188850301412984,-11.251741534120445,-15.161327941652964,-19.006875275786488,-17.81737413611747,-15.022399438353904,-11.810805785202168
3,-2.4688143048141495,-3.432528923143041,-0.718221914097747,2.2406936568019757,3.547431621748649,1.057181974107798,-3.1007489808992417,-4.743801966930192,-3.6575724582957805,0.2226661705834379,2.513677619849112,0.5467279933018097,-3.6749556905112564,-5.984634593894793,-6.316682030031039,-2.6759349844763425,-0.03276683185809942,-0.3900503847577042,-4.265172702597491,-7.080495133684729,-8.06749653637859,-4.82609581934106,-2.1127642985799655,-1.4148580617877171,-4.1852291147085285,-8.78208614436136,-9.939792734188071,-7.829610476005853,-3.9537451537512323,-2.838890911758205,-5.217064559767378,-9.300488804796252,-11.770293047859756,-10.053977207595528,-6.577929992795729,-4.82242504474796,-5.867843204040681,-9.509663265456487,-12.427271713226077,-13.240867983657035,-10.06298574282357,-6.44435643928939,-6.952056366306506,-10.29532095646786,-13.463264859938567,-14.926933962770306,-12.254898605840497,-9.126125565788218,-7.613305804470969,-10.16281345501496,-15.09887450802555,-17.09993649450678,-15.504858205239938,-11.535758452381014,-9.482993630563927,-11.405587987648385,-14.988745000930683,-18.47558948049488,-17.68936290474713,-14.254359768869495,-11.840050362292857
4,-4.02992167390392,-5.125734112013781,-2.1176430144519216,1.405903618621444,2.7572784475596217,-0.5219487103946039,-4.452523347715975,-6.36822522726999,-4.957180555128395,-0.8116703027939559,0.9426033034572574,-0.7050968301306941,-5.397686916281479,-7.649594616737846,-7.3950599488614,-3.527157881390342,-1.5304027109998628,-2.2635857964520163,-4.940977570420576,-9.42196747410486,-9.34556021412267,-6.840151965082753,-3.8696863015225027,-2.8392563406435434,-6.1883885360711535,-9.71662949968052,-11.023741598103753,-9.58663738839606,-5.662696032551347,-4.6452028659662385,-6.776072718005365,-10.512043931826394,-13.16481085687663,-12.261639130770238,-8.865001396703427,-6.471793052842913,-7.378313586570338,-10.850191145376941,-13.910518694397414,-14.445892263337269,-11.624907813631552,-8.106317778168636,-8.561371431303428,-11.166946217586942,-14.908685262320688,-16.098868275894958,-13.55492976214198,-9.946731408971251,-9.532711561199292,-12.34637487111607,-15.654709562242852,-17.98665800029438,-16.31080723156603,-13.215598917005906,-10.680083862088233,-12.285458771627082,-17.151537108491272,-19.640792497547693,-18.528195076754475,-16.060843119795674,-12.422004259954651
5,-2.468110239573296,-3.487592755329948,-0.5867286152514556,2.5475138481451833,3.3934672233114074,0.9771104236307901,-2.955720265968791,-5.653678624796575,-3.402005705373488,-0.25578288927693993,1.5618231930130397,0.6445640312222009,-3.8313040687726345,-6.828642648888334,-6.51743257269071,-3.076562615754672,0.06191430867897439,-0.9089766059580732,-4.509216131028794,-8.256693729648076,-8.631560562967087,-5.516171819209516,-2.2405649525384663,-1.4304490655121784,-4.391090773283237,-8.790841698101582,-10.747508726643012,-8.087021647425,-4.457044007598941,-2.7394758916992954,-5.124743604589929,-9.453822835957743,-12.15219619364583,-10.84136913784594,-7.456213844097864,-4.603460608382999,-6.4196938432742305,-10.269532539607207,-13.700734759339442,-12.762965602133622,-9.97083600632207,-7.411403455017796,-7.086119850933082,-10.41729159654124,-14.297950483426359,-15.511320873118823,-13.093738829118898,-8.89311293450712,-8.526347111471877,-11.27805214961044,-15.081298495446415,-16.837976871389703,-15.63495211698986,-12.163180631348494,-9.693872489958848,-11.327005839554017,-15.922399887082928,-18.708713463472773,-17.665046343272504,-14.60699893799169,-12.163947655321376
6,-4.221810028491862,-5.537934269712638,-2.4708624067854448,0.8944162051610121,1.5932807776898723,-1.4165817807313186,-4.6376682646709195,-6.831815158037754,-5.962390655427422,-1.8107415050994753,-0.4681762257220401,-1.6193589641405743,-5.155277095747336,-8.906608535615485,-7.958703148197515,-4.346149538783256,-1.8320947898741922,-2.6076492974237553,-6.213234415436248,-10.192035791457958,-10.451077720028293,-7.922545475337277,-4.187466555986066,-3.3841676357938772,-7.0416478011645545,-10.37511047668991,-12.66023349217065,-9.963678093142253,-6.823154075062498,-4.842814138043354,-7.214266351028096,-11.44005566856887,-13.656290911219113,-12.196236728148033,-8.707450254064883,-7.033854504015244,-7.793208961134226,-11.362132548379673,-15.176519742118302,-15.522118718349603,-11.445095838264617,-9.026795365433207,-8.693331425358075,-11.891176967550917,-15.89058201266446,-16.6695232528095,-14.198617750017199,-11.566478163182381,-9.731989665352222,-12.988837270843023,-16.989686024954334,-18.938212453446535,-17.256802939366217,-13.990099910073337,-11.48958201286529,-13.762132815697761,-16.991323361634237,-20.298074243260423,-19.693569534518723,-16.79376280033522,-13.71795268931316
7,-3.080888316725469,-3.2530761499719034,-1.1462745559063483,1.7060310299505639,3.201467925199524,1.1668481108219064,-3.67324098515416,-5.514143017797358,-4.208041848993428,-0.4945050757953789,1.4265695906699316,-0.08317568801313063,-3.9757629752877466,-7.304463640205673,-6.673000188571025,-3.12926401042838,-0.3632369349201153,-0.8213090370853575,-4.925279478861272,-7.6735953680599485,-8.538576925240319,-5.452774451883165,-2.540081159768466,-2.1310012604259803,-5.183305335067934,-9.174790922270848,-10.243222840136433,-8.274390619714659,-4.639620108971713,-3.7679833928526096,-5.45348857508101,-9.809815885608554,-11.949806500345053,-10.585715869915827,-7.0401925929326445,-4.834353449889643,-6.5998962481121835,-10.443143899007879,-13.09327855559505,-13.350789964595753,-9.986366134501367,-6.823377858499002,-7.601938314075213,-10.126579367742899,-13.98099099990548,-15.391529293796907,-12.994724791876562,-9.874156526610573,-8.05794657732807,-10.852323302141546,-14.967353220390141,-17.257583398329277,-15.284174033803904,-11.85027585747315,-9.873368125388575,-11.44246937112675,-15.535839580059909,-18.596564430608847,-18.46445359274385,-14.266428030656572,-12.169897711794361
8,-1.8500690870693122,-3.3928382804508663,-1.1204069643859031,2.2138994208540717,3.8586240672194645,1.5232237099709174,-2.5826493680377487,-4.715914785829758,-3.088431937902282,-0.2368935456189324,2.1909385222794073,0.11285352075559418,-3.4298403275756404,-6.1983363445036455,-6.406724783272062,-2.9360494396773804,0.657285457247456,-0.20423749061861884,-3.8937525008701996,-7.716365405589471,-8.450823668011758,-5.809754820091345,-1.9639098144711453,-1.579294298887857,-4.381723040630759,-8.605938542804896,-9.674104220651497,-8.434115007699258,-4.791037611282813,-3.141700059632902,-5.473500784531335,-9.081567986870574,-11.272655207651999,-10.831811449576632,-7.233017074447562,-4.217166660332763,-5.756202547460362,-9.772491061079794,-13.381270613783089,-13.200212409711773,-10.242208675890986,-6.8895040099502385,-6.67154700943296,-9.77784015480557,-14.459493008995599,-14.881981368180435,-12.018885567164446,-9.54041170807573,-7.8892063756983735,-10.200951021545768,-14.429534718668469,-16.67635976826526,-14.905732498002369,-11.617991384462943,-10.014471684138504,-11.447789012812834,-15.106921595802369,-17.770521674690375,-17.495135149840664,-14.726248978474867,-11.797523494184572
9,0.5974148251760254,-0.3366698688786558,1.8527233744268816,5.854883171008138,6.90361017811181,4.459937890583026,-0.47583488538790863,-2.1064648604505707,-0.6824579598970097,3.369949799067335,5.307540370929651,3.2595627596960135,-0.8095332286679588,-3.237363205955664,-3.5316493850216912,0.3821635970898485,3.184176114380063,2.5278577780283755,-1.163433625039438,-5.145207192220781,-5.5556980643640745,-2.778601789676133,0.9082466651409296,0.9626305838549585,-1.7160547215976254,-5.213778554118186,-6.974060662053672,-4.788398146770271,-1.6705256251902427,-0.5016443001198732,-2.3242250424976354,-6.065771174948855,-8.96820929012076,-8.225188367547576,-4.567509335482979,-1.5071540490285638,-2.7932866877835267,-7.291598353094836,-9.857352787512264,-9.60335858950939,-7.334616999128684,-3.785729855918295,-4.118713519700394,-7.057941290411218,-10.81266149798995,-12.052562101693209,-9.28200452380512,-6.381339358124293,-5.312449021953816,-8.285222592104843,-12.244215755371975,-14.442123131216855,-12.30143576109065,-9.117309078677547,-7.203865687492389,-8.51691423733268,-12.702582080897102,-15.811310028130299,-14.506554447658514,-11.867369449915458,-8.3567916553762
0,2.8553635804242923,2.8376988916466006,2.7721351392474496,2.9363778417075928,2.5365184822801297,2.142688485725551,2.199660063514341,1.910623159123085,2.081331649475521,1.6633263832979746,0.9538168733836956,1.1287725916052305,0.2908154306613977,0.08275269440620492,-0.13161267692479006,-0.21658516435667985,-0.011577138236754658,-1.2700932046749553,-1.5925499561114087,-1.4719160136777325,-1.4730647253108178,-2.0741946141077974,-2.105084278177343,-2.6216907918828882,-3.3397305164915054,-3.0530965718464875,-4.074509044911852,-3.543844930217447,-4.049102863386179,-4.051441363582203,-4.405976052525646,-5.187737486787553,-4.512479923599646,-4.758269250537343,-5.506753580827014,-5.240181498860379,-5.804472110909659,-5.665191028679045,-4.906463085802085,-5.82639861123035,-5.31206737814707,-5.645028480971981,-4.914013724488636,-5.479443728217541,-5.081213170991975,-4.98929848362172,-4.216874175501039,-3.835155909924076,-3.745858369108441,-4.19476052031495,-3.214869749853018,-3.6433769442637773,-2.4292767159042996,-3.0199576751907387,-1.757023175678892,-2.008012688913891,-1.601526890996007,-1.3370328655107304,-1.1420771962420784,-0.9076941212839748,-0.19035565282329592
1,3.1970326445716672,3.547670822957846,3.615688870786662,3.1060977182662195,3.4693440550084436,3.3289682326788883,3.264184727467879,3.477656484338767,2.6383595234446413,2.485552651374931,1.904884783021532,2.237153743490036,1.5140721956433767,1.1740258459351063,1.2137194175723738,0.608133830067276,0.9378509889604293,0.508559616001032,0.19859996378682776,-0.56022778334533,-0.23701661541823305,-1.2340509592714604,-1.8706857212752026,-1.6843834163408247,-1.6125685084000994,-2.0789195518927017,-2.6138687239866614,-3.052690751406538,-2.8432972642451873,-3.275613956606843,-3.935451743964036,-4.02657063994809,-4.324028397624004,-3.5496147923509827,-4.48266166302708,-4.211663434793214,-4.39763974896907,-4.641845705244701,-4.107723198074099,-4.510366805749493,-4.30785374705673,-4.571541280725827,-3.86535612828355,-3.920834725199213,-3.6278928248627365,-3.8072878562584704,-3.648431326286161,-3.070084437377064,-2.621557246222467,-3.1271688657075236,-2.010670764616745,-1.8006686549254676,-2.085960648176099,-1.9049273771634119,-1.5732800302862204,-1.2746338774202255,-0.22213346487900465,-0.6812367314117529,-0.22580967263744822,-0.008278033134909601,1.1045831991548014
2,5.096801988388909,4.464749382125559,4.9995131673568425,4.679953152290593,4.057190500724017,4.767952250141347,3.717874062268699,3.9594091341545745,4.277156538153549,3.397229596573566,3.4170236134208136,2.675798951133816,3.0116284965736413,2.930656411816761,2.433167700963288,1.974279585730121,1.8892351515988977,1.3988529523962507,0.9571415207697174,0.5065718239050229,0.5997995201388591,-0.018971360116063457,-0.6306270933637046,-0.9654510949881001,-1.3830616460919054,-1.3910962297119713,-1.092140594449786,-1.846457805828713,-2.403749445217137,-2.7517221764558784,-2.350458209378258,-3.0310304509797144,-2.998126856722837,-3.265993648237611,-2.7450150114186216,-3.496648366061954,-2.85130349475483,-3.4410487752392784,-3.7195077388191424,-3.263276111283113,-3.109356959513861,-2.816246212438187,-3.0650706865577306,-3.3761854199935413,-2.6256552082085363,-2.1924315212315446,-2.725916044357009,-2.180074579397697,-1.969292394767888,-1.6634332555794393,-1.6077972985349938,-1.1115806077710246,-1.1009645023861507,-0.6776912119616123,0.011025499025674762,0.5004550459738295,0.8689835892318809,0.5572627413951383,0.784884078814174,1.8411766885719452,2.0652023810949807
3,4.680430031048038,4.910329418779275,5.367367850050567,5.236697719877231,4.8058023932941225,4.632760200852825,5.047612953555367,4.86906919262136,4.2736191517679405,4.176491046177188,3.8941912101025014,3.5867902193787056,3.637817532856747,2.679646955581671,3.2025457325386735,2.423933976222644,1.6905326180058025,2.089600588697669,1.0908839977790896,0.8635930877377398,0.3906849229977355,0.544568599373723,0.552277092703307,-0.30537794519925443,-0.15562379785218827,-0.7518461620493224,-1.477249696838237,-0.8737537570835878,-1.597849434167208,-1.747738676765986,-1.880733956933478,-2.371511772489783,-2.3624915378136646,-2.7505884038810287,-2.9159988521059677,-2.6604940505337056,-2.980440550769322,-2.6742596172931976,-2.464518887313952,-2.3556749340020535,-2.6159933275448792,-2.268536655050036,-2.7008689322983264,-2.9465609195006133,-1.8695095986591057,-1.711147893582111,-1.6866568726656062,-1.463697616040161,-1.6740150138052972,-1.2134115116706727,-1.0557177706022483,-1.0299410077770907,-0.4845857242298317,0.32383364097062517,0.7244952158712569,0.5551700491587699,1.2247451818562187,0.818113106943782,1.5662537234356981,2.323644142407737,2.548175830709435
4,4.7630715295051225,4.449439250048403,4.572159527624539,4.240370624821459,4.544660375292693,4.047882820330829,4.493561790813752,4.341563041568181,3.3026930404578216,3.0488122544801937,3.4590925127586156,2.7979853390660443,2.861772407322176,2.516516086353583,1.7166122265615231,1.6724256142322356,2.049619590697433,0.7823080554794388,0.9490971916452228,0.3628983498161732,0.08974137272797199,0.18945799541352049,-0.6095287138643454,-1.1837386968488106,-0.6674644042257539,-0.8736149312514584,-1.8972292648821487,-1.918900070620998,-2.038581495299866,-2.4292102436993184,-2.114741693063873,-3.066035977692156,-2.6726177806688125,-3.513099313774947,-3.119788364531666,-3.2570991685159543,-3.3461771150896054,-3.133646020748206,-3.136647965495233,-3.0835661805406405,-3.1188593796681925,-3.2202537855095725,-2.985538356727965,-3.0233371685165924,-3.2471119853284987,-2.649084517759567,-2.0822192584227857,-2.262442172594542,-1.9546332643271545,-1.736828753299003,-1.7229290388604286,-0.9903369373647181,-1.2322035285052535,-0.4076232336859654,-0.01939716749431887,0.22996535140198893,0.8685922729138159,0.8074017623149341,1.2370118931556575,1.4596970372162583,1.6313641811645427
5,4.877256029018697,4.263128477944976,4.337142564187775,4.668270647696874,3.737449353176204,3.7057806819609427,3.9296151182581815,3.8467407773702704,4.062926463740797,3.8030743551409474,3.1000181001465656,3.0019037292509076,2.194179443583956,1.923099301549196,1.7708538245906402,1.934115779201784,1.6859484809326508,1.5025366450741422,0.3822259545445798,0.39578808349844785,0.14851750548796916,0.02929730144618347,-0.3336850186635625,-1.106017155309353,-0.9948488423022924,-1.1814215073700338,-1.3055914496677552,-1.6286760677135197,-2.403398277236398,-2.2856995645072735,-2.952804627048439,-3.0513142229209382,-2.87919983237827,-3.5438365910760012,-3.134816254958451,-3.522835267884264,-3.5717421245115104,-3.288604431451835,-3.668090110529401,-3.698852515319502,-3.272286150750046,-2.941266290408401,-3.769828334849147,-3.617505189998769,-3.2368040553964277,-3.029949662843827,-2.5858159963059113,-2.5755145080191393,-2.630935197033626,-1.5414953877090642,-2.0418675553074284,-1.4684454878325917,-0.7323051116637196,-0.8284670845486858,-0.5694066706043978,-0.29245390831956863,0.2586693391769798,0.27325486634335583,0.4488193739542008,1.022866377478233,1.7127545315768549
6,4.3273328616902935,4.102832608602447,4.5268629981584345,4.274962266814956,4.387980018542273,4.0505122061657195,3.8201850019701453,3.6357300475134986,4.175587967339609,3.40833052994037,2.9492027752852437,3.1181271343590558,3.135169560915116,2.494560047156187,1.6643238152444193,1.4165473448367667,1.364592553126764,1.4251024228077638,0.609488400193541,0.22792122194906855,-0.13766857394360638,0.12008306033582866,-0.020769944412641517,-0.9424742491431335,-0.8296155398109393,-1.317037026714735,-1.8907737683653623,-2.366174496283039,-2.6372159306318186,-2.7812698251505963,-2.4160304439718177,-3.251551569049317,-2.5290191440540526,-2.699573794265588,-3.623368016946049,-3.7323534281121584,-3.5265379817226594,-3.244693008362302,-3.8256511193932,-3.2268259261515087,-3.385397228444581,-3.695755648152131,-3.495639466077822,-2.5733301587869537,-2.5341069430357175,-2.3995920634268755,-2.7269991311148725,-1.8686132051730255,-1.8149591769834903,-2.061088714637929,-1.713220759420079,-1.419272436372713,-0.4667612991329278,-0.2641231610549591,-0.11814909155654668,0.4589800977337429,0.8876871381110569,0.9725573007282204,0.6508502709506698,1.0950119231505475,1.4015722536043649
7,3.594428131774591,3.6362519293855335,4.313131291230755,4.23167905048137,3.9979684699048583,3.320287209461376,3.750300723337963,3.3898531974884083,2.8709336145424293,3.224401892829781,2.3691357667932333,2.4300031747046873,2.3165374513946917,1.909330343955771,1.9793451988629982,1.6206575716962515,1.36866526029124,0.5058462191531495,0.42206116594488186,-0.029790885659452426,-0.14309761325528103,-0.9804152647345526,-0.6896157762973211,-1.1582630954769653,-1.4830795274417206,-1.4348178304854116,-1.9479164872330752,-2.902658734706163,-2.81437546398715,-2.8871039974278023,-2.7874475622619883,-3.7819144819468153,-3.722659534706743,-3.9403125364153837,-3.288576035819367,-3.5391954662118605,-3.621120160553639,-4.211947158732754,-4.400296698704671,-3.5891879095088415,-3.570459031891689,-4.036809159117339,-3.19850381613887,-3.858483284134649,-3.2021676936181427,-3.1439713056956435,-2.795407872865333,-2.2848399167834694,-3.001068069470503,-2.2247114001834136,-2.3605894314431737,-1.3289644780941625,-1.5450728180290842,-1.157574824277623,-0.9063377068429751,-0.8690488874821262,0.2915046483292252,0.20567447093504576,0.30423061730578804,0.9106700078280958,1.5770331457643676
8,4.780307172494529,4.506042516101372,4.645634884435477,4.860872494024973,4.785410305860278,3.9302734855491965,4.7301118232879755,3.8753038970002334,3.611241561335838,4.015192844787782,3.167404281983212,2.7327200844708157,2.587879216942208,2.404051582743867,2.1072502605799093,2.155028188178762,1.9586366372457822,1.6653309003074928,0.8144966840056387,0.8208484486890437,0.46619062737088524,0.41211171927846446,-0.5225746905004323,-0.9398967462687609,-1.112896214074675,-0.8538736174350046,-1.8335596879745357,-1.4252988981108399,-1.8118808551015415,-2.0375626286649493,-2.1383456904503872,-2.9004961143533095,-2.6747592958290887,-2.7833744620376617,-2.7273344636802705,-3.361137826778855,-3.296298033355427,-3.6760107396556583,-3.367486123943262,-3.066873620089862,-3.518746473002135,-2.682065790192172,-3.198994628666409,-2.4180374595156278,-2.649986026098036,-2.9367961043058624,-2.0958821272193977,-1.9250150250530642,-1.427833248632226,-1.3099368330049135,-1.5664519186442252,-1.5055673331557702,-0.46169357415122636,0.021766024449363153,-0.22557112092612686,0.011369377564653393,0.4451778450120472,0.49537692135361844,0.8446688693615542,1.7511941471488441,1.849511957408867
9,4.954775698424418,4.031716476772202,4.883009517460171,4.695146943128323,3.817273093095601,4.57118596949224,3.484217232815259,4.105547488983604,3.177837530878627,2.9879267439296604,3.3406704745373594,3.2673125056727135,2.3392170552552414,2.063992584012144,1.864416439848655,2.1516116157410248,1.7847156024954078,1.1863911807931833,1.2047138126705796,0.03377378831971675,0.3626932929857837,-0.4011100853427291,-0.5483428267118555,-1.1603046581101009,-1.2554012235837313,-1.9119252426575846,-1.3495787700745823,-1.5776161024628863,-2.630057600472685,-2.4182558478615763,-2.5467504660399976,-2.6409788170246897,-3.539658211835408,-3.0952557497434765,-3.4803059604942455,-3.2357838826133674,-3.2294563876619233,-3.54851851150849,-4.010136247659385,-4.010608790190521,-3.4640788951686954,-3.133334550769688,-3.400688382265964,-2.8852832706618834,-2.728139586214799,-2.7498060837216545,-3.0470505468027316,-2.561328762728465,-1.8927559895041333,-1.6476453822539858,-1.6326210778371724,-1.1901537347178957,-0.6072886456500015,-1.138574092431037,-0.09310483029176789,0.40087835712109043,0.3876996869738707,0.5077282219285664,0.7812157084025282,1.133446056339502,1.4459707867350016
